{
    "info": {
        "year": "2021",
        "version": "1",
        "description": "Exported from roboflow.ai",
        "contributor": "",
        "url": "https://app.roboflow.ai/datasets/insulator-dataset-rcnn/1",
        "date_created": "2021-03-31T15:44:11+00:00"
    },
    "licenses": [
        {
            "id": 1,
            "url": "",
            "name": "Unknown"
        }
    ],
    "categories": [
        {
            "id": 0,
            "name": "Insulator",
            "supercategory": "none"
        },
        {
            "id": 1,
            "name": "Insulator",
            "supercategory": "Insulator"
        }
    ],
    "images": [
        {
            "id": 0,
            "license": 1,
            "file_name": "DJI_0233_JPG.rf.8e13c8e250650d8fefa4955bd3a9c127.jpg",
            "height": 416,
            "width": 416,
            "date_captured": "2021-03-31T15:44:11+00:00"
        },
        {
            "id": 1,
            "license": 1,
            "file_name": "100279_JPG.rf.8788824fd6ef08f524116f24b2b78ca8.jpg",
            "height": 416,
            "width": 416,
            "date_captured": "2021-03-31T15:44:11+00:00"
        },
        {
            "id": 2,
            "license": 1,
            "file_name": "DJI_0181_JPG.rf.201654aeb1b9a440a3d65fdeb9134942.jpg",
            "height": 416,
            "width": 416,
            "date_captured": "2021-03-31T15:44:11+00:00"
        },
        {
            "id": 3,
            "license": 1,
            "file_name": "DJI_0013_JPG.rf.5ad94720bf2547a49664b5f2d86aaf05.jpg",
            "height": 416,
            "width": 416,
            "date_captured": "2021-03-31T15:44:11+00:00"
        },
        {
            "id": 4,
            "license": 1,
            "file_name": "160487_JPG.rf.325776e542d1ef406d52bb76489d691a.jpg",
            "height": 416,
            "width": 416,
            "date_captured": "2021-03-31T15:44:11+00:00"
        },
        {
            "id": 5,
            "license": 1,
            "file_name": "DJI_0234_JPG.rf.b1ca660e9268b8eb3523d512dfdb5e3c.jpg",
            "height": 416,
            "width": 416,
            "date_captured": "2021-03-31T15:44:11+00:00"
        },
        {
            "id": 6,
            "license": 1,
            "file_name": "DJI_0179_JPG.rf.ff68aa4d3b8b07bbd52fde440f766df8.jpg",
            "height": 416,
            "width": 416,
            "date_captured": "2021-03-31T15:44:11+00:00"
        },
        {
            "id": 7,
            "license": 1,
            "file_name": "100017_JPG.rf.923da2998e51043a511d503378d4fb33.jpg",
            "height": 416,
            "width": 416,
            "date_captured": "2021-03-31T15:44:11+00:00"
        },
        {
            "id": 8,
            "license": 1,
            "file_name": "DJI_0178_JPG.rf.1844d8cb2ab7993600fc8c6a398f3d50.jpg",
            "height": 416,
            "width": 416,
            "date_captured": "2021-03-31T15:44:11+00:00"
        },
        {
            "id": 9,
            "license": 1,
            "file_name": "DJI_0012_JPG.rf.f66c36e1e67dfcc516133f91fb0ae51f.jpg",
            "height": 416,
            "width": 416,
            "date_captured": "2021-03-31T15:44:11+00:00"
        }
    ],
    "annotations": [
        {
            "id": 0,
            "image_id": 0,
            "category_id": 1,
            "bbox": [
                206,
                151,
                42,
                72.5
            ],
            "area": 3045,
            "segmentation": [],
            "iscrowd": 0
        },
        {
            "id": 1,
            "image_id": 0,
            "category_id": 1,
            "bbox": [
                267,
                160,
                32.5,
                56
            ],
            "area": 1820,
            "segmentation": [],
            "iscrowd": 0
        },
        {
            "id": 2,
            "image_id": 0,
            "category_id": 1,
            "bbox": [
                153,
                152,
                53.5,
                76.5
            ],
            "area": 4092.75,
            "segmentation": [],
            "iscrowd": 0
        },
        {
            "id": 3,
            "image_id": 0,
            "category_id": 1,
            "bbox": [
                294,
                159,
                29.5,
                51.5
            ],
            "area": 1519.25,
            "segmentation": [],
            "iscrowd": 0
        },
        {
            "id": 4,
            "image_id": 1,
            "category_id": 1,
            "bbox": [
                23,
                0,
                378.5,
                359.5
            ],
            "area": 136070.75,
            "segmentation": [],
            "iscrowd": 0
        },
        {
            "id": 5,
            "image_id": 2,
            "category_id": 1,
            "bbox": [
                216,
                117,
                8,
                55.5
            ],
            "area": 444,
            "segmentation": [],
            "iscrowd": 0
        },
        {
            "id": 6,
            "image_id": 2,
            "category_id": 1,
            "bbox": [
                230,
                115,
                13,
                92
            ],
            "area": 1196,
            "segmentation": [],
            "iscrowd": 0
        },
        {
            "id": 7,
            "image_id": 2,
            "category_id": 1,
            "bbox": [
                223,
                116,
                10,
                93.5
            ],
            "area": 935,
            "segmentation": [],
            "iscrowd": 0
        },
        {
            "id": 8,
            "image_id": 3,
            "category_id": 1,
            "bbox": [
                256,
                26,
                12,
                164.5
            ],
            "area": 1974,
            "segmentation": [],
            "iscrowd": 0
        },
        {
            "id": 9,
            "image_id": 3,
            "category_id": 1,
            "bbox": [
                249,
                106,
                12,
                86
            ],
            "area": 1032,
            "segmentation": [],
            "iscrowd": 0
        },
        {
            "id": 10,
            "image_id": 3,
            "category_id": 1,
            "bbox": [
                241,
                139,
                9.5,
                58
            ],
            "area": 551,
            "segmentation": [],
            "iscrowd": 0
        },
        {
            "id": 11,
            "image_id": 4,
            "category_id": 1,
            "bbox": [
                103,
                0,
                194.5,
                403.5
            ],
            "area": 78480.75,
            "segmentation": [],
            "iscrowd": 0
        },
        {
            "id": 12,
            "image_id": 5,
            "category_id": 1,
            "bbox": [
                160,
                96,
                11,
                56.5
            ],
            "area": 621.5,
            "segmentation": [],
            "iscrowd": 0
        },
        {
            "id": 13,
            "image_id": 5,
            "category_id": 1,
            "bbox": [
                170,
                94,
                17.5,
                63
            ],
            "area": 1102.5,
            "segmentation": [],
            "iscrowd": 0
        },
        {
            "id": 14,
            "image_id": 5,
            "category_id": 1,
            "bbox": [
                195,
                94,
                33,
                103
            ],
            "area": 3399,
            "segmentation": [],
            "iscrowd": 0
        },
        {
            "id": 15,
            "image_id": 5,
            "category_id": 1,
            "bbox": [
                223,
                97,
                56.5,
                103.5
            ],
            "area": 5847.75,
            "segmentation": [],
            "iscrowd": 0
        },
        {
            "id": 16,
            "image_id": 6,
            "category_id": 1,
            "bbox": [
                124,
                78,
                63,
                36
            ],
            "area": 2268,
            "segmentation": [],
            "iscrowd": 0
        },
        {
            "id": 17,
            "image_id": 6,
            "category_id": 1,
            "bbox": [
                36,
                116,
                133,
                66
            ],
            "area": 8778,
            "segmentation": [],
            "iscrowd": 0
        },
        {
            "id": 18,
            "image_id": 7,
            "category_id": 1,
            "bbox": [
                41,
                0,
                329,
                415
            ],
            "area": 136535,
            "segmentation": [],
            "iscrowd": 0
        },
        {
            "id": 19,
            "image_id": 8,
            "category_id": 1,
            "bbox": [
                204,
                88,
                54.5,
                27.5
            ],
            "area": 1498.75,
            "segmentation": [],
            "iscrowd": 0
        },
        {
            "id": 20,
            "image_id": 8,
            "category_id": 1,
            "bbox": [
                127,
                90,
                39,
                32
            ],
            "area": 1248,
            "segmentation": [],
            "iscrowd": 0
        },
        {
            "id": 21,
            "image_id": 8,
            "category_id": 1,
            "bbox": [
                197,
                110,
                117,
                66.5
            ],
            "area": 7780.5,
            "segmentation": [],
            "iscrowd": 0
        },
        {
            "id": 22,
            "image_id": 8,
            "category_id": 1,
            "bbox": [
                47,
                115,
                115,
                74.5
            ],
            "area": 8567.5,
            "segmentation": [],
            "iscrowd": 0
        },
        {
            "id": 23,
            "image_id": 9,
            "category_id": 1,
            "bbox": [
                168,
                150,
                24,
                104.5
            ],
            "area": 2508,
            "segmentation": [],
            "iscrowd": 0
        },
        {
            "id": 24,
            "image_id": 9,
            "category_id": 1,
            "bbox": [
                104,
                177,
                63,
                78
            ],
            "area": 4914,
            "segmentation": [],
            "iscrowd": 0
        },
        {
            "id": 25,
            "image_id": 9,
            "category_id": 1,
            "bbox": [
                222,
                138,
                10,
                61.5
            ],
            "area": 615,
            "segmentation": [],
            "iscrowd": 0
        }
    ]
}